date,actual,drift,feature_model,feature_model_pastonly,mean,naive,sarima,sarimax,seasonal_naive_daily,seasonal_naive_weekly
2016-05-13 19:00:00,208.33333333333334,348.432667343944,196.82977294921875,201.1166534423828,97.46163394267658,348.3333333333333,220.70989636405685,223.3825129782952,123.33333333333331,126.66666666666669
2016-05-13 20:00:00,120.0,348.53200135455467,184.79119873046875,197.57843017578125,97.46163394267658,348.3333333333333,185.18312270238104,188.4712417954204,100.0,116.66666666666669
2016-05-13 21:00:00,63.333333333333336,348.63133536516534,164.09268188476562,160.69287109375,97.46163394267658,348.3333333333333,135.47138935514948,140.1618289519006,71.66666666666667,71.66666666666667
2016-05-13 22:00:00,55.0,348.730669375776,65.38744354248047,102.88243865966795,97.46163394267658,348.3333333333333,94.93581169013235,102.75041887595226,60.0,53.333333333333336
2016-05-13 23:00:00,61.666666666666664,348.8300033863867,53.69762420654297,66.97140502929688,97.46163394267658,348.3333333333333,72.14219912832478,82.5722173128329,56.66666666666666,58.333333333333336
2016-05-14 00:00:00,58.333333333333336,348.92933739699737,67.10237884521484,60.22352981567383,97.46163394267658,348.3333333333333,62.57176307609532,70.87944323341006,55.0,51.66666666666666
2016-05-14 01:00:00,63.333333333333336,349.02867140760804,67.18622589111328,56.95234298706055,97.46163394267658,348.3333333333333,56.72475123172669,61.97115141550122,53.333333333333336,56.66666666666666
2016-05-14 02:00:00,60.0,349.1280054182187,67.3360366821289,50.95924758911133,97.46163394267658,348.3333333333333,51.96094283476263,55.677783490497845,58.333333333333336,53.333333333333336
2016-05-14 03:00:00,60.0,349.2273394288294,68.25467681884766,50.97144317626953,97.46163394267658,348.3333333333333,49.18778892156895,51.82553610972206,58.333333333333336,55.0
2016-05-14 04:00:00,60.0,349.32667343944007,70.92546081542969,50.13561248779297,97.46163394267658,348.3333333333333,48.48660998683788,53.298060980802525,50.0,55.0
2016-05-14 05:00:00,56.666666666666664,349.4260074500508,79.11973571777344,51.826995849609375,97.46163394267658,348.3333333333333,50.94982533386366,56.33180579482397,58.333333333333336,51.66666666666666
2016-05-14 06:00:00,63.333333333333336,349.5253414606615,104.10887908935548,71.45399475097656,97.46163394267658,348.3333333333333,60.41139133226993,65.1106540691082,146.66666666666666,53.333333333333336
2016-05-14 07:00:00,113.33333333333333,349.62467547127216,145.9754638671875,113.07862854003906,97.46163394267658,348.3333333333333,81.54313525090916,86.7457625988725,176.66666666666666,148.33333333333334
2016-05-14 08:00:00,133.33333333333334,349.72400948188283,150.3092803955078,117.8619384765625,97.46163394267658,348.3333333333333,116.02749996670856,121.12061609528794,338.3333333333333,121.66666666666669
2016-05-14 09:00:00,118.33333333333333,349.8233434924935,146.7882537841797,148.65016174316406,97.46163394267658,348.3333333333333,108.45257462764329,113.49159926852228,93.33333333333331,153.33333333333334
2016-05-14 10:00:00,158.33333333333334,349.9226775031042,133.9338836669922,137.99209594726562,97.46163394267658,348.3333333333333,118.19264265791315,123.71127314840436,73.33333333333333,178.33333333333334
2016-05-14 11:00:00,96.66666666666667,350.02201151371486,132.1200408935547,152.21722412109375,97.46163394267658,348.3333333333333,140.46518727687555,145.49619817720466,355.0,161.66666666666666
2016-05-14 12:00:00,116.66666666666667,350.12134552432553,149.45285034179688,143.8081817626953,97.46163394267658,348.3333333333333,130.77027642178967,137.5901876281416,301.6666666666667,86.66666666666667
2016-05-14 13:00:00,113.33333333333333,350.2206795349362,136.50254821777344,143.72683715820312,97.46163394267658,348.3333333333333,129.08741965320968,136.73509035539894,268.3333333333333,75.0
2016-05-14 14:00:00,106.66666666666667,350.3200135455469,139.88816833496094,158.34375,97.46163394267658,348.3333333333333,117.31767851213158,125.49856425715704,318.3333333333333,88.33333333333333
2016-05-14 15:00:00,130.0,350.4193475561576,127.8437957763672,162.69659423828125,97.46163394267658,348.3333333333333,107.62334116366232,116.6470186385305,201.66666666666663,103.33333333333331
2016-05-14 16:00:00,111.66666666666667,350.51868156676824,145.2890625,144.0438690185547,97.46163394267658,348.3333333333333,126.6694505397004,134.24196567492982,351.6666666666667,91.66666666666669
2016-05-14 17:00:00,241.66666666666666,350.6180155773789,166.36163330078125,145.43307495117188,97.46163394267658,348.3333333333333,156.84873865481066,165.63227095657248,231.66666666666663,83.33333333333333
2016-05-14 18:00:00,166.66666666666666,350.7173495879896,210.91970825195312,214.1439514160156,97.46163394267658,348.3333333333333,200.9109208257904,210.46924026797709,348.3333333333333,285.0
2016-05-14 19:00:00,90.0,166.7041764640018,155.1473846435547,148.2213134765625,97.52798298634433,166.66666666666666,151.742222729934,154.98138228011993,208.33333333333331,120.0
2016-05-14 20:00:00,86.66666666666667,166.7416862613369,118.81776428222656,112.65251159667967,97.52798298634433,166.66666666666666,120.24753389628547,123.99499743158572,120.0,86.66666666666667
2016-05-14 21:00:00,75.0,166.77919605867203,81.28280639648438,89.10546112060547,97.52798298634433,166.66666666666666,90.3549835533778,95.06150537382196,63.333333333333336,56.66666666666666
2016-05-14 22:00:00,61.666666666666664,166.81670585600716,62.35231399536133,68.5112533569336,97.52798298634433,166.66666666666666,64.6469194241378,68.5172453520052,55.0,58.333333333333336
2016-05-14 23:00:00,48.333333333333336,166.8542156533423,59.45816421508789,61.0390510559082,97.52798298634433,166.66666666666666,52.30239313237345,54.79551004622466,61.66666666666666,56.66666666666666
2016-05-15 00:00:00,53.333333333333336,166.8917254506774,54.437782287597656,57.86595153808594,97.52798298634433,166.66666666666666,49.195133233840494,51.95961452300255,58.333333333333336,58.333333333333336
2016-05-15 01:00:00,55.0,166.92923524801253,52.74419784545898,52.4626579284668,97.52798298634433,166.66666666666666,48.16616267976655,52.79215106563671,63.333333333333336,51.66666666666666
2016-05-15 02:00:00,51.666666666666664,166.96674504534766,53.615116119384766,53.47795104980469,97.52798298634433,166.66666666666666,45.90430223294183,50.9478510777472,60.0,55.0
2016-05-15 03:00:00,40.0,167.00425484268277,52.22950744628906,53.856475830078125,97.52798298634433,166.66666666666666,45.12929183769976,50.50750295553085,60.0,56.66666666666666
2016-05-15 04:00:00,51.666666666666664,167.0417646400179,52.33990478515625,52.67105865478516,97.52798298634433,166.66666666666666,46.21037008091394,51.71472316358419,60.0,50.0
2016-05-15 05:00:00,56.666666666666664,167.07927443735304,56.42903900146485,53.63363265991211,97.52798298634433,166.66666666666666,48.891693399465765,54.37575479831852,56.66666666666666,56.66666666666666
2016-05-15 06:00:00,51.666666666666664,167.11678423468817,70.35759735107422,65.10739135742188,97.52798298634433,166.66666666666666,54.53659397916128,60.14815201347145,63.333333333333336,50.0
2016-05-15 07:00:00,93.33333333333333,167.15429403202327,112.57913970947266,88.86605834960938,97.52798298634433,166.66666666666666,77.38225596290944,82.04037625299576,113.33333333333331,60.0
2016-05-15 08:00:00,118.33333333333333,167.1918038293584,133.18063354492188,151.2931671142578,97.52798298634433,166.66666666666666,104.39766657707948,109.64392734772522,133.33333333333334,183.33333333333331
2016-05-15 09:00:00,101.66666666666667,167.22931362669354,155.45248413085938,130.50869750976562,97.52798298634433,166.66666666666666,109.32047434257684,114.7314210529988,118.33333333333331,143.33333333333334
2016-05-15 10:00:00,108.33333333333333,167.26682342402864,159.39321899414062,170.52589416503906,97.52798298634433,166.66666666666666,122.65702596836796,126.91655802202632,158.33333333333334,135.0
2016-05-15 11:00:00,105.0,167.30433322136378,139.3790740966797,118.22840118408205,97.52798298634433,166.66666666666666,125.856959695373,129.70688699103084,96.66666666666669,50.0
2016-05-15 12:00:00,96.66666666666667,167.3418430186989,117.16294860839844,137.80287170410156,97.52798298634433,166.66666666666666,120.40406589877142,124.82979924492442,116.66666666666669,56.66666666666666
2016-05-15 13:00:00,136.66666666666666,167.37935281603404,124.5037841796875,114.80522918701172,97.52798298634433,166.66666666666666,120.3589906659544,123.9366350727742,113.33333333333331,56.66666666666666
2016-05-15 14:00:00,88.33333333333333,167.41686261336915,109.8640594482422,127.8678970336914,97.52798298634433,166.66666666666666,105.60618342710468,107.625586189673,106.66666666666669,56.66666666666666
2016-05-15 15:00:00,93.33333333333333,167.45437241070428,120.40796661376952,108.887939453125,97.52798298634433,166.66666666666666,103.72901030806528,104.39917576361375,130.0,50.0
2016-05-15 16:00:00,143.33333333333334,167.4918822080394,186.9770355224609,124.97724151611328,97.52798298634433,166.66666666666666,113.4257002743982,113.41902311953416,111.66666666666669,55.0
2016-05-15 17:00:00,236.66666666666666,167.52939200537452,227.67002868652344,150.79150390625,97.52798298634433,166.66666666666666,157.87026927932067,157.3199838673174,241.66666666666663,56.66666666666666
2016-05-15 18:00:00,98.33333333333333,167.56690180270965,229.59368896484372,197.49945068359372,97.52798298634433,166.66666666666666,190.6660367219104,191.70195738973337,166.66666666666666,50.0
2016-05-15 19:00:00,96.66666666666667,98.34777296456735,120.66136169433594,123.21803283691406,97.46169220519654,98.33333333333331,123.82407287893876,127.67307369715644,90.0,60.0
2016-05-15 20:00:00,246.66666666666666,98.3622125958014,104.91349029541016,104.89787292480467,97.46169220519654,98.33333333333331,96.64443879529738,102.05185015540768,86.66666666666667,78.33333333333333
2016-05-15 21:00:00,203.33333333333334,98.37665222703542,72.04550170898438,75.33354949951172,97.46169220519654,98.33333333333331,76.25277093504485,79.63861582769549,75.0,63.333333333333336
2016-05-15 22:00:00,86.66666666666667,98.39109185826946,55.92178726196289,64.8597640991211,97.46169220519654,98.33333333333331,55.036081693065576,57.47652917580502,61.66666666666666,58.333333333333336
2016-05-15 23:00:00,83.33333333333333,98.40553148950347,50.99992370605469,56.01442337036133,97.46169220519654,98.33333333333331,44.7407959643099,46.94019641741245,48.333333333333336,53.333333333333336
2016-05-16 00:00:00,61.666666666666664,98.41997112073751,55.214317321777344,56.00996017456055,97.46169220519654,98.33333333333331,44.25367190762728,45.35462913484343,53.333333333333336,55.0
2016-05-16 01:00:00,53.333333333333336,98.43441075197155,53.12797546386719,57.13999176025391,97.46169220519654,98.33333333333331,44.48318186669896,45.62860339395702,55.0,58.333333333333336
2016-05-16 02:00:00,56.666666666666664,98.4488503832056,55.59018325805664,56.628997802734375,97.46169220519654,98.33333333333331,43.16472818791783,44.203773564645246,51.66666666666666,55.0
2016-05-16 03:00:00,53.333333333333336,98.46329001443962,53.78955459594727,55.60783004760742,97.46169220519654,98.33333333333331,42.31431399923234,43.43820183512551,40.0,53.333333333333336
2016-05-16 04:00:00,55.0,98.47772964567366,53.64979934692383,57.62660598754883,97.46169220519654,98.33333333333331,44.53863343872919,45.8683904957122,51.66666666666666,56.66666666666666
2016-05-16 05:00:00,51.666666666666664,98.49216927690767,60.14533233642578,58.50640869140625,97.46169220519654,98.33333333333331,47.97627218704104,48.2013648643193,56.66666666666666,65.0
2016-05-16 06:00:00,53.333333333333336,98.50660890814171,68.01385498046875,61.6653938293457,97.46169220519654,98.33333333333331,53.102179034924085,52.60545555140662,51.66666666666666,55.0
2016-05-16 07:00:00,61.666666666666664,98.52104853937576,98.56304168701172,88.47940063476562,97.46169220519654,98.33333333333331,75.78167525678838,76.0653293860675,93.33333333333331,56.66666666666666
2016-05-16 08:00:00,88.33333333333333,98.5354881706098,116.70751953125,114.64717864990234,97.46169220519654,98.33333333333331,103.13774947251184,103.4809628343335,118.33333333333331,61.66666666666666
2016-05-16 09:00:00,70.0,98.54992780184382,142.22128295898438,123.19947052001952,97.46169220519654,98.33333333333331,107.85610146392172,108.85827853228228,101.66666666666669,66.66666666666667
2016-05-16 10:00:00,148.33333333333334,98.56436743307786,170.79774475097656,132.16665649414062,97.46169220519654,98.33333333333331,119.38501886574934,120.00059236150356,108.33333333333331,55.0
2016-05-16 11:00:00,103.33333333333333,98.57880706431187,148.5196075439453,131.8887481689453,97.46169220519654,98.33333333333331,125.69768478362678,125.34329996377824,105.0,61.66666666666666
2016-05-16 12:00:00,206.66666666666666,98.59324669554591,132.9637451171875,127.01261901855467,97.46169220519654,98.33333333333331,118.71483501691884,117.11054625856262,96.66666666666669,135.0
2016-05-16 13:00:00,266.6666666666667,98.60768632677996,144.6837158203125,136.23236083984375,97.46169220519654,98.33333333333331,121.3355697621822,117.79086292121384,136.66666666666666,173.33333333333334
2016-05-16 14:00:00,88.33333333333333,98.622125958014,115.77960205078124,115.0823745727539,97.46169220519654,98.33333333333331,104.07815819926384,99.54798344156256,88.33333333333333,88.33333333333333
2016-05-16 15:00:00,111.66666666666667,98.63656558924802,111.6459503173828,136.3320770263672,97.46169220519654,98.33333333333331,101.27471936167952,97.24577625383672,93.33333333333331,70.0
2016-05-16 16:00:00,88.33333333333333,98.65100522048206,118.06657409667967,131.56849670410156,97.46169220519654,98.33333333333331,114.97690480378324,110.66310733555488,143.33333333333334,78.33333333333333
2016-05-16 17:00:00,243.33333333333334,98.66544485171607,178.6763458251953,192.861083984375,97.46169220519654,98.33333333333331,157.8394705578722,152.91600557689765,236.66666666666663,268.3333333333333
2016-05-16 18:00:00,155.0,98.67988448295011,147.81582641601562,170.26174926757812,97.46169220519654,98.33333333333331,185.86220889494624,181.72236191236416,98.33333333333331,120.0
2016-05-16 19:00:00,115.0,155.03305785123968,120.75920867919922,133.96795654296875,97.59198061246973,155.0,146.06381118692812,143.41522722599316,96.66666666666669,110.0
2016-05-16 20:00:00,96.66666666666667,155.06611570247935,121.27621459960938,128.20603942871094,97.59198061246973,155.0,129.4402233253399,126.29383886818962,246.66666666666663,95.0
2016-05-16 21:00:00,68.33333333333333,155.099173553719,97.08749389648438,104.490966796875,97.59198061246973,155.0,99.90151231180194,96.58307627675164,203.33333333333331,71.66666666666667
2016-05-16 22:00:00,46.666666666666664,155.13223140495867,80.8950424194336,80.07672119140625,97.59198061246973,155.0,67.48165326428808,64.4071352156105,86.66666666666667,71.66666666666667
2016-05-16 23:00:00,60.0,155.16528925619835,74.2416000366211,69.54539489746094,97.59198061246973,155.0,54.49886590992519,52.71226361950436,83.33333333333333,60.0
2016-05-17 00:00:00,50.0,155.19834710743802,59.64364242553711,60.2618293762207,97.59198061246973,155.0,50.20185646864739,48.3036013983848,61.66666666666666,51.66666666666666
2016-05-17 01:00:00,55.0,155.23140495867767,55.72101593017578,57.39178085327149,97.59198061246973,155.0,48.34194738320347,46.731868646881566,53.333333333333336,55.0
2016-05-17 02:00:00,51.666666666666664,155.26446280991735,52.685176849365234,51.12419891357422,97.59198061246973,155.0,46.422410720692,45.72122287558955,56.66666666666666,56.66666666666666
2016-05-17 03:00:00,53.333333333333336,155.29752066115702,52.326416015625,50.57551956176758,97.59198061246973,155.0,45.33032900780846,45.90061779093865,53.333333333333336,56.66666666666666
2016-05-17 04:00:00,53.333333333333336,155.3305785123967,52.67535018920898,51.16683578491211,97.59198061246973,155.0,46.56154147621406,47.51174721574823,55.0,50.0
2016-05-17 05:00:00,58.333333333333336,155.36363636363637,63.41334915161133,54.03363037109375,97.59198061246973,155.0,49.19378970213194,51.054990292875296,51.66666666666666,71.66666666666667
2016-05-17 06:00:00,56.666666666666664,155.39669421487602,63.02230072021485,56.65380859375,97.59198061246973,155.0,54.4471366718372,57.27353912920344,53.333333333333336,63.333333333333336
2016-05-17 07:00:00,65.0,155.4297520661157,72.71566009521484,64.97848510742188,97.59198061246973,155.0,75.08156868165695,78.8940280509935,61.66666666666666,60.0
2016-05-17 08:00:00,56.666666666666664,155.46280991735537,91.1015396118164,83.7442855834961,97.59198061246973,155.0,102.42977550665412,106.30469100229948,88.33333333333333,56.66666666666666
2016-05-17 09:00:00,51.666666666666664,155.49586776859505,87.7384033203125,97.63651275634766,97.59198061246973,155.0,106.81246564637895,109.79681920358516,70.0,55.0
2016-05-17 10:00:00,53.333333333333336,155.52892561983472,92.09491729736328,104.45205688476562,97.59198061246973,155.0,122.68957053201598,124.10675123378464,148.33333333333334,53.333333333333336
2016-05-17 11:00:00,51.666666666666664,155.56198347107437,84.8302001953125,112.35430145263672,97.59198061246973,155.0,126.32248059480636,126.61697811401427,103.33333333333331,56.66666666666666
2016-05-17 12:00:00,53.333333333333336,155.59504132231405,91.4957275390625,111.70853424072266,97.59198061246973,155.0,126.2104853986416,125.67123167716646,206.66666666666663,58.333333333333336
2016-05-17 13:00:00,41.666666666666664,155.62809917355372,92.8478546142578,125.88165283203124,97.59198061246973,155.0,130.35307682008727,129.62914120784367,266.6666666666667,53.333333333333336
2016-05-17 14:00:00,53.333333333333336,155.6611570247934,89.56748962402344,111.94905853271484,97.59198061246973,155.0,104.80569345522356,105.84657690193885,88.33333333333333,53.333333333333336
2016-05-17 15:00:00,51.666666666666664,155.69421487603304,89.7714614868164,109.45240020751952,97.59198061246973,155.0,103.1918254707714,104.37407344503524,111.66666666666669,56.66666666666666
2016-05-17 16:00:00,66.66666666666667,155.72727272727272,98.53042602539062,113.56786346435548,97.59198061246973,155.0,112.6493871752472,113.54665849591892,88.33333333333333,63.333333333333336
2016-05-17 17:00:00,153.33333333333334,155.7603305785124,161.39175415039062,158.5709991455078,97.59198061246973,155.0,159.720740578456,159.9004269452582,243.33333333333331,126.66666666666669
2016-05-17 18:00:00,100.0,155.79338842975207,180.465576171875,192.3689422607422,97.59198061246973,155.0,189.5099157246052,189.882640085615,155.0,101.66666666666669
2016-05-17 19:00:00,123.33333333333333,100.0147589373565,113.22505950927734,122.07337188720705,97.33661202185792,100.0,105.5896252935591,105.4072780871558,115.0,105.0
2016-05-17 20:00:00,118.33333333333333,100.02951787471302,90.64344024658205,93.2626495361328,97.33661202185792,100.0,90.61609362675075,89.77157329477467,96.66666666666669,95.0
2016-05-17 21:00:00,65.0,100.04427681206953,80.48424530029297,69.54341888427734,97.33661202185792,100.0,71.43740565712189,71.05471573710189,68.33333333333333,68.33333333333333
2016-05-17 22:00:00,46.666666666666664,100.05903574942604,63.47518539428711,59.652862548828125,97.33661202185792,100.0,50.63024883381732,51.30278089368632,46.66666666666666,58.333333333333336
2016-05-17 23:00:00,55.0,100.07379468678256,59.123783111572266,53.5462646484375,97.33661202185792,100.0,43.066012725431335,42.27406756952367,60.0,56.66666666666666
2016-05-18 00:00:00,51.666666666666664,100.08855362413908,60.031776428222656,51.00031280517578,97.33661202185792,100.0,42.25121956561449,39.67028362551855,50.0,51.66666666666666
2016-05-18 01:00:00,53.333333333333336,100.10331256149556,55.80377578735352,47.89339065551758,97.33661202185792,100.0,43.11248381703805,41.30853134134824,55.0,56.66666666666666
2016-05-18 02:00:00,55.0,100.11807149885207,51.51301574707031,46.63116836547852,97.33661202185792,100.0,42.13354922816355,43.31328684961597,51.66666666666666,56.66666666666666
2016-05-18 03:00:00,51.666666666666664,100.1328304362086,55.66992950439453,45.8820686340332,97.33661202185792,100.0,42.21339813577098,43.65206733058443,53.333333333333336,53.333333333333336
2016-05-18 04:00:00,51.666666666666664,100.1475893735651,51.60797500610352,46.99456024169922,97.33661202185792,100.0,43.93746704884756,43.63824882761619,53.333333333333336,51.66666666666666
2016-05-18 05:00:00,65.0,100.16234831092162,64.0826187133789,51.09635543823242,97.33661202185792,100.0,47.43505161794593,44.92019371434781,58.333333333333336,68.33333333333333
2016-05-18 06:00:00,70.0,100.17710724827812,72.06271362304688,57.652305603027344,97.33661202185792,100.0,52.72187149600789,49.451116793957205,56.66666666666666,110.0
2016-05-18 07:00:00,53.333333333333336,100.19186618563464,99.1194305419922,69.15778350830078,97.33661202185792,100.0,73.43874168601793,70.69520176755695,65.0,76.66666666666667
2016-05-18 08:00:00,61.666666666666664,100.20662512299114,120.8876495361328,100.68118286132812,97.33661202185792,100.0,98.74184146090114,98.10167516655032,56.66666666666666,161.66666666666666
2016-05-18 09:00:00,65.0,100.22138406034766,127.1349105834961,101.43675994873048,97.33661202185792,100.0,103.84886775673542,102.9051875665709,51.66666666666666,65.0
2016-05-18 10:00:00,58.333333333333336,100.23614299770416,131.54803466796875,104.92761993408205,97.33661202185792,100.0,115.5427200539988,115.22611301447702,53.333333333333336,63.333333333333336
2016-05-18 11:00:00,70.0,100.25090193506068,120.91426849365234,102.30603790283205,97.33661202185792,100.0,121.5019011938532,124.5781392060001,51.66666666666666,55.0
2016-05-18 12:00:00,56.666666666666664,100.2656608724172,140.83148193359375,92.09341430664062,97.33661202185792,100.0,115.9581228068217,119.31801334910864,53.333333333333336,56.66666666666666
2016-05-18 13:00:00,86.66666666666667,100.28041980977368,129.61495971679688,91.2738800048828,97.33661202185792,100.0,116.13556608723016,119.52843348614662,41.66666666666666,73.33333333333333
2016-05-18 14:00:00,81.66666666666667,100.2951787471302,138.08827209472656,88.87462615966797,97.33661202185792,100.0,101.11723257743076,106.29711101240729,53.333333333333336,80.0
2016-05-18 15:00:00,83.33333333333333,100.30993768448673,126.1208724975586,89.31169128417969,97.33661202185792,100.0,98.16464666687088,102.32289025623466,51.66666666666666,76.66666666666667
2016-05-18 16:00:00,105.0,100.32469662184324,122.544189453125,98.23696899414062,97.33661202185792,100.0,109.73366356316706,112.72662480412662,66.66666666666667,75.0
2016-05-18 17:00:00,118.33333333333333,100.33945555919972,186.64015197753903,141.64344787597656,97.33661202185792,100.0,153.44204304531246,157.8170603355149,153.33333333333334,91.66666666666669
2016-05-18 18:00:00,178.33333333333334,100.35421449655624,180.87222290039065,163.3160858154297,97.33661202185792,100.0,184.46302277909757,191.378766549178,100.0,101.66666666666669
2016-05-18 19:00:00,143.33333333333334,178.37346783816034,168.224365234375,135.23727416992188,97.17035350249402,178.33333333333334,129.29138394465377,132.97899529495416,123.33333333333331,95.0
2016-05-18 20:00:00,223.33333333333334,178.41360234298733,120.0239486694336,114.8691635131836,97.17035350249402,178.33333333333334,116.6900646780921,120.44243920965437,118.33333333333331,85.0
2016-05-18 21:00:00,81.66666666666667,178.4537368478143,82.63202667236328,78.50819396972656,97.17035350249402,178.33333333333334,87.65008172630678,91.931922885747,65.0,61.66666666666666
2016-05-18 22:00:00,51.666666666666664,178.4938713526413,58.10061264038086,59.2741813659668,97.17035350249402,178.33333333333334,61.49712597204004,63.651726427051166,46.66666666666666,55.0
2016-05-18 23:00:00,56.666666666666664,178.5340058574683,50.914737701416016,48.62751388549805,97.17035350249402,178.33333333333334,50.061367759114304,52.59507353408952,55.0,56.66666666666666
2016-05-19 00:00:00,51.666666666666664,178.57414036229528,52.37822723388672,46.66408920288086,97.17035350249402,178.33333333333334,47.07955670725652,51.55254611046975,51.66666666666666,56.66666666666666
2016-05-19 01:00:00,51.666666666666664,178.61427486712225,52.35914611816406,47.55757522583008,97.17035350249402,178.33333333333334,46.08311905912494,50.276479400756855,53.333333333333336,56.66666666666666
2016-05-19 02:00:00,50.0,178.65440937194924,53.31791305541992,46.98162078857422,97.17035350249402,178.33333333333334,44.26145532761215,47.24459802697604,55.0,56.66666666666666
2016-05-19 03:00:00,51.666666666666664,178.69454387677624,53.3194465637207,47.08175659179688,97.17035350249402,178.33333333333334,43.28402147276414,45.88772129458886,51.66666666666666,50.0
2016-05-19 04:00:00,56.666666666666664,178.73467838160323,52.66460800170898,48.12030029296875,97.17035350249402,178.33333333333334,44.48265731078581,47.09094993245564,51.66666666666666,56.66666666666666
2016-05-19 05:00:00,55.0,178.7748128864302,59.40391540527344,52.412052154541016,97.17035350249402,178.33333333333334,48.16186951236988,50.78783706430752,65.0,61.66666666666666
2016-05-19 06:00:00,58.333333333333336,178.8149473912572,60.08553314208984,54.23550033569336,97.17035350249402,178.33333333333334,53.57379963041503,55.4555112614966,70.0,48.333333333333336
2016-05-19 07:00:00,50.0,178.8550818960842,65.86372375488281,64.99271392822266,97.17035350249402,178.33333333333334,72.4959479818852,73.64535352484343,53.333333333333336,58.333333333333336
2016-05-19 08:00:00,53.333333333333336,178.89521640091118,71.55526733398438,76.58869934082031,97.17035350249402,178.33333333333334,98.45780884187288,99.64283946027994,61.66666666666666,51.66666666666666
2016-05-19 09:00:00,36.666666666666664,178.93535090573815,84.47607421875,97.2270050048828,97.17035350249402,178.33333333333334,103.92898313045698,103.15831450836876,65.0,48.333333333333336
2016-05-19 10:00:00,55.0,178.97548541056514,78.6688461303711,95.73433685302734,97.17035350249402,178.33333333333334,114.98278754819565,113.61561856157596,58.333333333333336,58.333333333333336
2016-05-19 11:00:00,51.666666666666664,179.01561991539214,79.93293762207031,102.32830047607422,97.17035350249402,178.33333333333334,121.67251336830904,120.23648823737535,70.0,50.0
2016-05-19 12:00:00,55.0,179.05575442021913,75.52484893798828,92.3608856201172,97.17035350249402,178.33333333333334,115.23901322796854,111.70660850061228,56.66666666666666,55.0
2016-05-19 13:00:00,50.0,179.0958889250461,87.925537109375,97.75470733642578,97.17035350249402,178.33333333333334,117.87861290948312,111.26382235994754,86.66666666666667,56.66666666666666
2016-05-19 14:00:00,63.333333333333336,179.1360234298731,87.92708587646484,92.7275619506836,97.17035350249402,178.33333333333334,102.03264002791072,93.17752053989832,81.66666666666667,56.66666666666666
2016-05-19 15:00:00,81.66666666666667,179.1761579347001,93.3253936767578,97.61395263671876,97.17035350249402,178.33333333333334,99.2892601643448,92.09784579006974,83.33333333333333,68.33333333333333
2016-05-19 16:00:00,90.0,179.21629243952708,101.07086181640624,103.44535064697266,97.17035350249402,178.33333333333334,111.29181625994713,106.37410069071204,105.0,118.33333333333331
2016-05-19 17:00:00,208.33333333333334,179.25642694435405,150.70034790039062,132.8828887939453,97.17035350249402,178.33333333333334,150.813044494337,144.49008816781338,118.33333333333331,208.33333333333331
2016-05-19 18:00:00,120.0,179.29656144918104,197.55697631835935,186.3652801513672,97.17035350249402,178.33333333333334,188.15637088740485,181.7696614674441,178.33333333333334,105.0
2016-05-19 19:00:00,98.33333333333333,120.02098805295448,143.70700073242188,153.91725158691406,97.0136647299333,120.0,127.56383854425388,125.81770140633247,143.33333333333334,123.33333333333331
2016-05-19 20:00:00,118.33333333333333,120.04197610590894,116.09373474121094,100.48958587646484,97.0136647299333,120.0,110.69215037550828,109.65610612931962,223.33333333333331,100.0
2016-05-19 21:00:00,66.66666666666667,120.06296415886342,80.06503295898438,78.37316131591797,97.0136647299333,120.0,79.8936041503335,79.27469013960794,81.66666666666667,71.66666666666667
2016-05-19 22:00:00,50.0,120.08395221181787,60.25074768066406,63.78618240356445,97.0136647299333,120.0,55.68687243122966,55.9727477107832,51.66666666666666,60.0
2016-05-19 23:00:00,56.666666666666664,120.10494026477237,52.50889205932617,52.40034484863281,97.0136647299333,120.0,45.95065607478823,47.81318312405098,56.66666666666666,56.66666666666666
2016-05-20 00:00:00,51.666666666666664,120.12592831772685,51.47574996948242,48.59455490112305,97.0136647299333,120.0,44.04031837924285,46.64515096981547,51.66666666666666,55.0
2016-05-20 01:00:00,51.666666666666664,120.14691637068132,50.81040954589844,51.23736190795898,97.0136647299333,120.0,43.753181368779785,46.5720283968812,51.66666666666666,53.333333333333336
2016-05-20 02:00:00,36.666666666666664,120.16790442363578,52.8440055847168,52.83660125732422,97.0136647299333,120.0,42.2852767024044,44.8537619376243,50.0,58.333333333333336
2016-05-20 03:00:00,58.333333333333336,120.18889247659024,54.583683013916016,54.55550003051758,97.0136647299333,120.0,41.95510154754616,45.84123884461836,51.66666666666666,58.333333333333336
2016-05-20 04:00:00,51.666666666666664,120.20988052954472,53.26208114624024,52.762672424316406,97.0136647299333,120.0,43.692834061191725,49.74811302522596,56.66666666666666,50.0
2016-05-20 05:00:00,61.666666666666664,120.2308685824992,68.84635925292969,56.44987869262695,97.0136647299333,120.0,46.68482018907177,50.80396279535125,55.0,58.333333333333336
2016-05-20 06:00:00,66.66666666666667,120.25185663545366,110.0586929321289,64.28977966308594,97.0136647299333,120.0,52.09947857434683,54.24847975361352,58.333333333333336,146.66666666666666
2016-05-20 07:00:00,80.0,120.27284468840814,160.6430206298828,85.85332489013672,97.0136647299333,120.0,71.33031363719644,73.81836150259295,50.0,176.66666666666666
2016-05-20 08:00:00,126.66666666666667,120.2938327413626,217.80601501464844,142.15904235839844,97.0136647299333,120.0,96.8955902811642,99.34255484954004,53.333333333333336,338.3333333333333
2016-05-20 09:00:00,73.33333333333333,120.31482079431709,195.01222229003903,125.31381225585938,97.0136647299333,120.0,101.15079686690042,103.17024751571492,36.66666666666666,93.33333333333331
2016-05-20 10:00:00,81.66666666666667,120.33580884727157,169.90586853027344,150.14149475097656,97.0136647299333,120.0,113.62870340608455,116.65119551886772,55.0,73.33333333333333
2016-05-20 11:00:00,73.33333333333333,120.35679690022604,275.1032409667969,160.3953857421875,97.0136647299333,120.0,119.44789553680135,122.58577291792356,51.66666666666666,355.0
2016-05-20 12:00:00,71.66666666666667,120.3777849531805,219.29525756835935,157.7189483642578,97.0136647299333,120.0,113.99725609996467,118.81757832303089,55.0,301.6666666666667
2016-05-20 13:00:00,61.666666666666664,120.39877300613496,191.47055053710935,163.30484008789062,97.0136647299333,120.0,114.700458833491,119.455415980477,50.0,268.3333333333333
2016-05-20 14:00:00,60.0,120.41976105908944,212.1479034423828,141.1856689453125,97.0136647299333,120.0,100.07282356329232,104.09458277350072,63.333333333333336,318.3333333333333
2016-05-20 15:00:00,46.666666666666664,120.44074911204392,171.61639404296875,126.4455108642578,97.0136647299333,120.0,98.39318438286664,102.0608158091663,81.66666666666667,201.66666666666663
2016-05-20 16:00:00,48.333333333333336,120.46173716499838,200.2360992431641,185.2235565185547,97.0136647299333,120.0,109.65179542600544,110.70148684026148,90.0,351.6666666666667
2016-05-20 17:00:00,75.0,120.48272521795286,213.6800994873047,180.8246612548828,97.0136647299333,120.0,155.43509707338418,155.30150358944582,208.33333333333331,231.66666666666663
2016-05-20 18:00:00,78.33333333333333,120.50371327090733,226.3128204345703,194.64480590820312,97.0136647299333,120.0,183.82451349246043,183.0932719819542,120.0,348.3333333333333
2016-05-20 19:00:00,65.0,78.34080956958239,127.61331939697266,118.8067855834961,96.7947896647448,78.33333333333333,78.9789499456657,77.69531043156316,98.33333333333331,208.33333333333331
2016-05-20 20:00:00,70.0,78.34828580583147,115.8528289794922,95.81382751464844,96.7947896647448,78.33333333333333,76.3857614913443,73.4162262876228,118.33333333333331,120.0
2016-05-20 21:00:00,65.0,78.35576204208053,87.29398345947266,81.47891235351562,96.7947896647448,78.33333333333333,59.32177117268055,55.85718876794091,66.66666666666667,63.333333333333336
2016-05-20 22:00:00,53.333333333333336,78.36323827832959,64.51818084716797,65.59405517578125,96.7947896647448,78.33333333333333,41.97736610021944,39.117698410390325,50.0,55.0
2016-05-20 23:00:00,45.0,78.37071451457865,58.7828483581543,57.08659362792969,96.7947896647448,78.33333333333333,36.54969687196985,33.798439831758266,56.66666666666666,61.66666666666666
2016-05-21 00:00:00,48.333333333333336,78.37819075082773,56.706180572509766,50.84906005859375,96.7947896647448,78.33333333333333,37.36626647063596,36.64296273768873,51.66666666666666,58.333333333333336
2016-05-21 01:00:00,51.666666666666664,78.38566698707679,60.95165252685547,54.20132446289063,96.7947896647448,78.33333333333333,38.93067693738729,39.66437860636224,51.66666666666666,63.333333333333336
2016-05-21 02:00:00,56.666666666666664,78.39314322332585,59.047176361083984,51.9737663269043,96.7947896647448,78.33333333333333,37.883792163625934,39.24573985652308,36.66666666666666,60.0
2016-05-21 03:00:00,48.333333333333336,78.40061945957491,59.49906921386719,51.45010757446289,96.7947896647448,78.33333333333333,39.635955983680816,41.00899473556518,58.333333333333336,60.0
2016-05-21 04:00:00,56.666666666666664,78.40809569582399,61.90440368652344,50.872318267822266,96.7947896647448,78.33333333333333,41.24274619334133,42.30476191610788,51.66666666666666,60.0
2016-05-21 05:00:00,51.666666666666664,78.41557193207305,66.15167999267578,53.09737777709961,96.7947896647448,78.33333333333333,45.29451854149648,46.34706678684204,61.66666666666666,56.66666666666666
2016-05-21 06:00:00,60.0,78.42304816832211,82.01608276367188,59.71944046020508,96.7947896647448,78.33333333333333,51.049601592774295,52.92169565166384,66.66666666666667,63.333333333333336
2016-05-21 07:00:00,56.666666666666664,78.43052440457117,107.22124481201172,74.32624816894531,96.7947896647448,78.33333333333333,71.57131547895482,72.76640113840378,80.0,113.33333333333331
2016-05-21 08:00:00,208.33333333333334,78.43800064082025,127.92190551757812,109.4326629638672,96.7947896647448,78.33333333333333,99.7464578160512,99.75266624921966,126.66666666666669,133.33333333333334
2016-05-21 09:00:00,310.0,78.44547687706931,137.80628967285156,120.65560150146484,96.7947896647448,78.33333333333333,101.65984642459568,101.17361284376535,73.33333333333333,118.33333333333331
2016-05-21 10:00:00,383.3333333333333,78.45295311331837,149.67886352539062,156.04110717773438,96.7947896647448,78.33333333333333,113.6194595087185,113.62130408585836,81.66666666666667,158.33333333333334
2016-05-21 11:00:00,431.6666666666667,78.46042934956745,157.3070526123047,132.90977478027344,96.7947896647448,78.33333333333333,119.09489464572414,120.25023117602152,73.33333333333333,96.66666666666669
2016-05-21 12:00:00,228.33333333333334,78.46790558581651,155.2797088623047,149.00100708007812,96.7947896647448,78.33333333333333,113.42800667469312,115.25626473258772,71.66666666666667,116.66666666666669
2016-05-21 13:00:00,343.3333333333333,78.47538182206557,137.39508056640625,133.0052490234375,96.7947896647448,78.33333333333333,113.7950884023085,114.8848937414776,61.66666666666666,113.33333333333331
2016-05-21 14:00:00,303.3333333333333,78.48285805831463,115.38174438476562,147.6920166015625,96.7947896647448,78.33333333333333,98.47141200651922,98.59565698906783,60.0,106.66666666666669
2016-05-21 15:00:00,361.6666666666667,78.49033429456371,130.62255859375,131.6696014404297,96.7947896647448,78.33333333333333,95.00486035293162,94.5677038076417,46.66666666666666,130.0
2016-05-21 16:00:00,100.0,78.49781053081277,117.0614242553711,154.66844177246094,96.7947896647448,78.33333333333333,105.83549805213656,104.38374464388238,48.333333333333336,111.66666666666669
2016-05-21 17:00:00,95.0,78.50528676706183,147.53289794921875,151.45208740234375,96.7947896647448,78.33333333333333,146.54140005121442,144.22497882338052,75.0,241.66666666666663
2016-05-21 18:00:00,125.0,78.5127630033109,142.92144775390625,167.16453552246094,96.7947896647448,78.33333333333333,179.6726845424702,178.11633322171517,78.33333333333333,166.66666666666666
2016-05-21 19:00:00,108.33333333333333,125.02225755166933,130.95492553710938,109.55938720703124,97.20650561559653,125.0,96.33000517848018,95.98231056498938,65.0,90.0
2016-05-21 20:00:00,95.0,125.04451510333864,113.45108795166016,90.02236938476562,97.20650561559653,125.0,90.0094385957824,86.5428663909217,70.0,86.66666666666667
2016-05-21 21:00:00,135.0,125.06677265500797,80.11078643798828,71.4775390625,97.20650561559653,125.0,70.95548001952997,65.90123725635478,65.0,75.0
2016-05-21 22:00:00,73.33333333333333,125.08903020667726,70.43060302734375,64.18441772460938,97.20650561559653,125.0,50.83550997082181,45.4194188296535,53.333333333333336,61.66666666666666
2016-05-21 23:00:00,148.33333333333334,125.11128775834658,70.33883666992188,57.78105163574219,97.20650561559653,125.0,42.502237004823314,37.3149201452066,45.0,48.333333333333336
2016-05-22 00:00:00,60.0,125.1335453100159,70.55103302001953,51.57904815673828,97.20650561559653,125.0,42.3907945721655,36.81210362014861,48.333333333333336,53.333333333333336
2016-05-22 01:00:00,56.666666666666664,125.15580286168522,73.45848083496094,53.54751968383789,97.20650561559653,125.0,43.20983342582964,38.2104516343032,51.66666666666666,55.0
2016-05-22 02:00:00,51.666666666666664,125.17806041335452,71.65876770019531,53.09612274169922,97.20650561559653,125.0,42.6547653477941,36.67873007350719,56.66666666666666,51.66666666666666
2016-05-22 03:00:00,53.333333333333336,125.20031796502384,77.39662170410156,53.0640869140625,97.20650561559653,125.0,42.29111156604717,34.76763051084746,48.333333333333336,40.0
2016-05-22 04:00:00,55.0,125.22257551669315,80.76188659667969,54.170745849609375,97.20650561559653,125.0,44.47163772129374,40.1597888843265,56.66666666666666,51.66666666666666
2016-05-22 05:00:00,50.0,125.24483306836248,88.51334381103516,56.4918212890625,97.20650561559653,125.0,47.4550861107921,46.325347819992594,51.66666666666666,56.66666666666666
2016-05-22 06:00:00,58.333333333333336,125.2670906200318,95.25994873046876,59.26198196411133,97.20650561559653,125.0,53.28053870562703,50.71893465459716,60.0,51.66666666666666
2016-05-22 07:00:00,63.333333333333336,125.2893481717011,112.59297943115234,75.67418670654297,97.20650561559653,125.0,72.63554524024778,72.70631374444952,56.66666666666666,93.33333333333331
2016-05-22 08:00:00,190.0,125.31160572337043,142.12289428710938,117.3380126953125,97.20650561559653,125.0,107.35167601208356,107.34690341053178,208.33333333333331,118.33333333333331
2016-05-22 09:00:00,113.33333333333333,125.33386327503976,168.2609405517578,128.88174438476562,97.20650561559653,125.0,118.33307813833878,117.90163190375628,310.0,101.66666666666669
2016-05-22 10:00:00,201.66666666666666,125.35612082670906,191.21974182128903,134.73147583007812,97.20650561559653,125.0,134.23592566993264,134.63980374664033,383.3333333333333,108.33333333333331
2016-05-22 11:00:00,343.3333333333333,125.37837837837836,208.4117584228516,109.20944213867188,97.20650561559653,125.0,143.072568818535,144.66893598125918,431.6666666666667,105.0
2016-05-22 12:00:00,126.66666666666667,125.4006359300477,207.5277557373047,138.4552459716797,97.20650561559653,125.0,125.02367955690876,128.08277620136258,228.33333333333331,96.66666666666669
2016-05-22 13:00:00,103.33333333333333,125.422893481717,188.7742462158203,121.38394165039062,97.20650561559653,125.0,132.99071186540883,134.00696605171453,343.3333333333333,136.66666666666666
2016-05-22 14:00:00,106.66666666666667,125.44515103338632,175.37246704101562,144.17962646484375,97.20650561559653,125.0,115.41062351329516,116.26990134155044,303.3333333333333,88.33333333333333
2016-05-22 15:00:00,96.66666666666667,125.46740858505564,177.06350708007812,109.46173095703124,97.20650561559653,125.0,116.27353251397362,117.2495669372563,361.6666666666667,93.33333333333331
2016-05-22 16:00:00,88.33333333333333,125.48966613672496,164.67906188964844,139.88160705566406,97.20650561559653,125.0,110.83959290729403,112.25813327135351,100.0,143.33333333333334
2016-05-22 17:00:00,265.0,125.51192368839428,166.063232421875,156.6159210205078,97.20650561559653,125.0,149.49361835195296,150.04757990145524,95.0,236.66666666666663
2016-05-22 18:00:00,120.0,125.5341812400636,166.7549591064453,173.68621826171875,97.20650561559653,125.0,184.0347655720436,185.16341490444128,125.0,98.33333333333331
2016-05-22 19:00:00,96.66666666666667,120.020511202272,154.39144897460938,134.3158721923828,97.3422712933754,120.0,140.0167287285604,140.31174181402332,108.33333333333331,96.66666666666669
2016-05-22 20:00:00,116.66666666666667,120.04102240454402,162.0443572998047,150.0561981201172,97.3422712933754,120.0,112.25212236669928,116.92851760233152,95.0,246.66666666666663
2016-05-22 21:00:00,88.33333333333333,120.06153360681604,136.24314880371094,112.72212982177734,97.3422712933754,120.0,89.4906668625235,99.38184865738695,135.0,203.33333333333331
2016-05-22 22:00:00,78.33333333333333,120.08204480908805,101.03488159179688,84.07564544677734,97.3422712933754,120.0,61.94015588538672,71.14122537169582,73.33333333333333,86.66666666666667
2016-05-22 23:00:00,60.0,120.10255601136004,114.6978988647461,82.37300109863281,97.3422712933754,120.0,55.75304439870462,62.692132746170415,148.33333333333334,83.33333333333333
2016-05-23 00:00:00,58.333333333333336,120.12306721363204,69.69898223876953,71.96424102783203,97.3422712933754,120.0,48.03703667648784,53.13909300540372,60.0,61.66666666666666
2016-05-23 01:00:00,51.666666666666664,120.14357841590407,78.58533477783203,68.2123031616211,97.3422712933754,120.0,47.12171857528519,52.22525843882026,56.66666666666666,53.333333333333336
2016-05-23 02:00:00,58.333333333333336,120.16408961817608,69.5389404296875,67.16353607177734,97.3422712933754,120.0,45.09115994820976,49.76415800254205,51.66666666666666,56.66666666666666
2016-05-23 03:00:00,51.666666666666664,120.1846008204481,66.92500305175781,68.08895111083984,97.3422712933754,120.0,44.67366268048618,48.3814967149225,53.333333333333336,53.333333333333336
2016-05-23 04:00:00,50.0,120.2051120227201,68.57640075683594,75.3404769897461,97.3422712933754,120.0,46.08320589387839,48.5268505371326,55.0,55.0
2016-05-23 05:00:00,66.66666666666667,120.2256232249921,78.59945678710938,87.72077178955078,97.3422712933754,120.0,48.73121539123349,50.760794018824,50.0,51.66666666666666
2016-05-23 06:00:00,60.0,120.24613442726412,87.54151916503906,92.37374877929688,97.3422712933754,120.0,54.39124080608025,55.59985603151736,58.333333333333336,53.333333333333336
2016-05-23 07:00:00,56.666666666666664,120.26664562953611,98.70033264160156,107.0513687133789,97.3422712933754,120.0,73.96104470879054,73.90809844921525,63.333333333333336,61.66666666666666
2016-05-23 08:00:00,51.666666666666664,120.28715683180816,105.71305847167967,120.90384674072266,97.3422712933754,120.0,107.95017344425024,107.50517272094226,190.0,88.33333333333333
2016-05-23 09:00:00,55.0,120.30766803408017,115.15225982666016,122.2905731201172,97.3422712933754,120.0,108.61111025398668,107.95805141033917,113.33333333333331,70.0
2016-05-23 10:00:00,51.666666666666664,120.32817923635216,129.12522888183594,142.22579956054688,97.3422712933754,120.0,125.83602404047753,125.56638765228286,201.66666666666663,148.33333333333334
2016-05-23 11:00:00,56.666666666666664,120.34869043862416,150.76756286621094,130.37501525878906,97.3422712933754,120.0,140.68282217991137,143.36002682188482,343.3333333333333,103.33333333333331
2016-05-23 12:00:00,61.666666666666664,120.36920164089618,142.2132568359375,154.9988250732422,97.3422712933754,120.0,120.38392548525384,125.2702216951578,126.66666666666669,206.66666666666663
2016-05-23 13:00:00,56.666666666666664,120.3897128431682,164.96006774902344,168.11862182617188,97.3422712933754,120.0,120.65726592191822,124.27793981109784,103.33333333333331,266.6666666666667
2016-05-23 14:00:00,58.333333333333336,120.4102240454402,132.22647094726562,140.3998260498047,97.3422712933754,120.0,105.56061396275264,109.8397759715364,106.66666666666669,88.33333333333333
2016-05-23 15:00:00,73.33333333333333,120.4307352477122,132.44248962402344,142.76084899902344,97.3422712933754,120.0,102.658507660331,108.647725556904,96.66666666666669,111.66666666666669
2016-05-23 16:00:00,156.66666666666666,120.45124644998424,142.89231872558594,161.9544219970703,97.3422712933754,120.0,110.83099756250726,117.75216222221624,88.33333333333333,88.33333333333333
2016-05-23 17:00:00,380.0,120.47175765225624,230.1622772216797,218.3187255859375,97.3422712933754,120.0,160.3071685992806,167.76306549634276,265.0,243.33333333333331
2016-05-23 18:00:00,123.33333333333333,120.49226885452823,182.19566345214844,198.735595703125,97.3422712933754,120.0,184.07068598639552,191.89967697907144,120.0,155.0
2016-05-23 19:00:00,120.0,123.35473431464662,131.52899169921875,145.86659240722656,97.24274681694844,123.33333333333331,166.1256407670414,167.66267731672156,96.66666666666669,115.0
2016-05-23 20:00:00,105.0,123.37613529595993,120.33338165283205,159.54151916503906,97.24274681694844,123.33333333333331,125.87505166120022,128.6704564739846,116.66666666666669,96.66666666666669
2016-05-23 21:00:00,68.33333333333333,123.3975362772732,93.31146240234376,119.06393432617188,97.24274681694844,123.33333333333331,95.2104259811006,98.622544069459,88.33333333333333,68.33333333333333
2016-05-23 22:00:00,63.333333333333336,123.41893725858648,70.43376922607422,79.72097778320312,97.24274681694844,123.33333333333331,67.75996498996926,69.30007380110096,78.33333333333333,46.66666666666666
2016-05-23 23:00:00,58.333333333333336,123.44033823989976,71.54074096679688,74.70686340332031,97.24274681694844,123.33333333333331,54.56780038089474,56.143502059765474,60.0,60.0
2016-05-24 00:00:00,50.0,123.46173922121308,59.81605911254883,63.09563446044922,97.24274681694844,123.33333333333331,50.28957743397498,52.35137781022243,58.333333333333336,50.0
2016-05-24 01:00:00,56.666666666666664,123.48314020252636,56.40349578857422,55.78030014038086,97.24274681694844,123.33333333333331,48.29666186418252,51.03142665501713,51.66666666666666,55.0
2016-05-24 02:00:00,55.0,123.50454118383963,54.00385284423828,48.98397064208984,97.24274681694844,123.33333333333331,46.385135517445,50.42840268882181,58.333333333333336,51.66666666666666
2016-05-24 03:00:00,53.333333333333336,123.52594216515294,54.68265151977539,50.17360305786133,97.24274681694844,123.33333333333331,45.08562459518724,47.39719450662816,51.66666666666666,53.333333333333336
2016-05-24 04:00:00,53.333333333333336,123.54734314646622,57.86181640625,50.787696838378906,97.24274681694844,123.33333333333331,46.03280760027962,47.25669017710853,50.0,53.333333333333336
2016-05-24 05:00:00,106.66666666666667,123.56874412777952,62.9827766418457,52.468170166015625,97.24274681694844,123.33333333333331,49.77820473959878,50.73108643466063,66.66666666666667,58.333333333333336
2016-05-24 06:00:00,71.66666666666667,123.5901451090928,73.7650146484375,55.75886917114258,97.24274681694844,123.33333333333331,54.42035225317315,56.2757146922884,60.0,56.66666666666666
2016-05-24 07:00:00,161.66666666666666,123.6115460904061,116.7923583984375,66.54225158691406,97.24274681694844,123.33333333333331,73.28932479754467,76.13378469267796,56.66666666666666,65.0
2016-05-24 08:00:00,56.666666666666664,123.6329470717194,105.46876525878906,76.01703643798828,97.24274681694844,123.33333333333331,99.8454028189712,102.95931753826984,51.66666666666666,56.66666666666666
2016-05-24 09:00:00,38.333333333333336,123.65434805303268,114.88504791259766,95.63327026367188,97.24274681694844,123.33333333333331,104.7953505252647,108.66502110325892,55.0,51.66666666666666
2016-05-24 10:00:00,66.66666666666667,123.67574903434596,102.80707550048828,95.2501983642578,97.24274681694844,123.33333333333331,116.90805529821336,121.5403589505401,51.66666666666666,53.333333333333336
2016-05-24 11:00:00,101.66666666666667,123.69715001565925,112.92616271972656,108.05583190917967,97.24274681694844,123.33333333333331,124.31020812496952,128.05470020041335,56.66666666666666,51.66666666666666
2016-05-24 12:00:00,128.33333333333334,123.71855099697254,98.47309112548828,104.99699401855467,97.24274681694844,123.33333333333331,116.11889561557194,118.3874442532479,61.66666666666666,53.333333333333336
2016-05-24 13:00:00,118.33333333333333,123.73995197828584,89.88123321533203,98.1197280883789,97.24274681694844,123.33333333333331,117.33081498295049,120.94844036740314,56.66666666666666,41.66666666666666
2016-05-24 14:00:00,150.0,123.76135295959912,82.6212387084961,96.58580017089844,97.24274681694844,123.33333333333331,102.26555719049456,106.62842177835648,58.333333333333336,53.333333333333336
2016-05-24 15:00:00,141.66666666666666,123.7827539409124,110.75076293945312,96.77873992919922,97.24274681694844,123.33333333333331,100.83945961546456,103.91261971013336,73.33333333333333,51.66666666666666
2016-05-24 16:00:00,141.66666666666666,123.80415492222568,154.03640747070312,110.73998260498048,97.24274681694844,123.33333333333331,114.51148156089796,116.28252684221484,156.66666666666666,66.66666666666667
2016-05-24 17:00:00,203.33333333333334,123.82555590353898,232.4500732421875,152.09901428222656,97.24274681694844,123.33333333333331,167.80492543760008,169.70949000433552,380.0,153.33333333333334
2016-05-24 18:00:00,136.66666666666666,123.84695688485228,207.8795318603516,156.958984375,97.24274681694844,123.33333333333331,183.45062254605213,188.1458745423643,123.33333333333331,100.0
2016-05-24 19:00:00,123.33333333333333,136.69205263703242,122.15841674804688,124.88080596923828,97.23430702299564,136.66666666666666,128.60991528717787,133.00787346624958,120.0,123.33333333333331
2016-05-24 20:00:00,96.66666666666667,136.71743860739818,111.85533142089844,107.40360260009766,97.23430702299564,136.66666666666666,108.63141019653116,113.30920106847674,105.0,118.33333333333331
2016-05-24 21:00:00,76.66666666666667,136.74282457776394,80.91109466552734,66.86607360839844,97.23430702299564,136.66666666666666,82.8429358377777,87.18454835653523,68.33333333333333,65.0
2016-05-24 22:00:00,61.666666666666664,136.76821054812973,68.21025848388672,58.47909164428711,97.23430702299564,136.66666666666666,59.44020771234186,63.23793747856996,63.333333333333336,46.66666666666666
2016-05-24 23:00:00,58.333333333333336,136.7935965184955,65.75323486328125,51.18060302734375,97.23430702299564,136.66666666666666,49.453925356080624,50.24167877899647,58.333333333333336,55.0
2016-05-25 00:00:00,53.333333333333336,136.81898248886125,60.65855026245117,49.59846496582031,97.23430702299564,136.66666666666666,46.41802482180447,45.53711254588806,50.0,51.66666666666666
2016-05-25 01:00:00,53.333333333333336,136.844368459227,55.128517150878906,49.97404479980469,97.23430702299564,136.66666666666666,46.304480197429534,46.52338252706601,56.66666666666666,53.333333333333336
2016-05-25 02:00:00,56.666666666666664,136.86975442959277,58.48817443847656,51.028228759765625,97.23430702299564,136.66666666666666,44.68378114258752,45.54955197413648,55.0,55.0
2016-05-25 03:00:00,48.333333333333336,136.89514039995854,57.18825149536133,49.819580078125,97.23430702299564,136.66666666666666,44.146266215474,45.621187634243306,53.333333333333336,51.66666666666666
2016-05-25 04:00:00,55.0,136.9205263703243,55.57683563232422,50.3179931640625,97.23430702299564,136.66666666666666,45.50927497369474,47.70263621002513,53.333333333333336,51.66666666666666
2016-05-25 05:00:00,55.0,136.94591234069009,85.49526977539062,65.70476531982422,97.23430702299564,136.66666666666666,51.824457677168944,54.01688884730135,106.66666666666669,65.0
2016-05-25 06:00:00,55.0,136.97129831105585,76.68102264404297,66.5264892578125,97.23430702299564,136.66666666666666,54.79465758116635,57.00388112000714,71.66666666666667,70.0
2016-05-25 07:00:00,65.0,136.9966842814216,112.08586883544922,88.72894287109375,97.23430702299564,136.66666666666666,79.32165412578249,80.27322528706304,161.66666666666666,53.333333333333336
2016-05-25 08:00:00,83.33333333333333,137.02207025178737,109.712158203125,98.80506896972656,97.23430702299564,136.66666666666666,99.5759980314308,99.45772227358232,56.66666666666666,61.66666666666666
2016-05-25 09:00:00,90.0,137.04745622215313,159.36587524414062,98.2078857421875,97.23430702299564,136.66666666666666,103.23080488707318,101.88743995118983,38.333333333333336,65.0
2016-05-25 10:00:00,78.33333333333333,137.0728421925189,108.27051544189452,99.6950912475586,97.23430702299564,136.66666666666666,117.20010280584204,113.86722452602204,66.66666666666667,58.333333333333336
2016-05-25 11:00:00,50.0,137.09822816288465,130.5972442626953,106.14242553710938,97.23430702299564,136.66666666666666,126.44461734986086,121.50245209676493,101.66666666666669,70.0
2016-05-25 12:00:00,60.0,137.12361413325044,125.78469848632812,106.13925170898438,97.23430702299564,136.66666666666666,119.69505600545732,114.97775839376428,128.33333333333334,56.66666666666666
2016-05-25 13:00:00,71.66666666666667,137.1490001036162,111.64470672607422,104.60855865478516,97.23430702299564,136.66666666666666,120.56292505291944,116.33907732537688,118.33333333333331,86.66666666666667
2016-05-25 14:00:00,80.0,137.17438607398196,110.59192657470705,104.83394622802734,97.23430702299564,136.66666666666666,107.4693986877312,103.78524779397983,150.0,81.66666666666667
2016-05-25 15:00:00,80.0,137.19977204434772,105.76715087890624,105.79339599609376,97.23430702299564,136.66666666666666,104.7399314313612,100.9730170659169,141.66666666666666,83.33333333333333
2016-05-25 16:00:00,231.66666666666666,137.2251580147135,112.5369644165039,112.1139678955078,97.23430702299564,136.66666666666666,113.82841535316985,108.09087012116969,141.66666666666666,105.0
2016-05-25 17:00:00,118.33333333333333,137.25054398507925,168.0619659423828,175.78802490234375,97.23430702299564,136.66666666666666,158.48601077872172,151.7303273904166,203.33333333333331,118.33333333333331
2016-05-25 18:00:00,156.66666666666666,137.275929955445,127.7770767211914,177.4493865966797,97.23430702299564,136.66666666666666,183.74200401514636,178.39198455998724,136.66666666666666,178.33333333333334
2016-05-25 19:00:00,118.33333333333333,156.69803558572457,114.52554321289062,140.47508239746094,97.1185482212626,156.66666666666666,122.8997622979012,120.05148882166554,123.33333333333331,143.33333333333334
2016-05-25 20:00:00,190.0,156.72940450478245,108.04521942138672,127.91282653808594,97.1185482212626,156.66666666666666,107.00301500341116,103.37453455427593,96.66666666666669,223.33333333333331
2016-05-25 21:00:00,56.666666666666664,156.76077342384036,72.1652603149414,87.50199127197266,97.1185482212626,156.66666666666666,82.34821189584183,79.84909819195003,76.66666666666667,81.66666666666667
2016-05-25 22:00:00,53.333333333333336,156.79214234289827,57.53437042236328,69.4012451171875,97.1185482212626,156.66666666666666,58.600337224192025,58.43835767060571,61.66666666666666,51.66666666666666
2016-05-25 23:00:00,53.333333333333336,156.82351126195618,49.87047958374024,59.5550537109375,97.1185482212626,156.66666666666666,48.84092567900618,51.44142818046114,58.333333333333336,56.66666666666666
2016-05-26 00:00:00,53.333333333333336,156.85488018101407,51.26437377929688,49.55351257324219,97.1185482212626,156.66666666666666,46.0285723117708,47.9173092926729,53.333333333333336,51.66666666666666
2016-05-26 01:00:00,55.0,156.88624910007198,51.03366470336914,49.666648864746094,97.1185482212626,156.66666666666666,45.59672384559297,47.57679279611877,53.333333333333336,51.66666666666666
2016-05-26 02:00:00,50.0,156.9176180191299,52.22478103637695,49.4487533569336,97.1185482212626,156.66666666666666,44.30863216998077,45.76818996210477,56.66666666666666,50.0
2016-05-26 03:00:00,56.666666666666664,156.9489869381878,52.06517028808594,48.69365310668945,97.1185482212626,156.66666666666666,43.372099567025536,43.99704698934934,48.333333333333336,51.66666666666666
2016-05-26 04:00:00,50.0,156.98035585724568,54.36263275146485,50.66145706176758,97.1185482212626,156.66666666666666,45.14542679337507,46.096388784807175,55.0,56.66666666666666
2016-05-26 05:00:00,56.666666666666664,157.0117247763036,61.41376876831055,54.322792053222656,97.1185482212626,156.66666666666666,48.5518413885225,49.569329417134114,55.0,55.0
2016-05-26 06:00:00,61.666666666666664,157.0430936953615,78.8915023803711,57.34418869018555,97.1185482212626,156.66666666666666,53.38855505583851,54.177380376931495,55.0,58.333333333333336
2016-05-26 07:00:00,100.0,157.07446261441942,98.26986694335938,62.27337646484375,97.1185482212626,156.66666666666666,73.5062056425651,74.18041974425776,65.0,50.0
2016-05-26 08:00:00,156.66666666666666,157.1058315334773,91.63873291015624,80.35939025878906,97.1185482212626,156.66666666666666,100.3848871342354,100.64673741650118,83.33333333333333,53.333333333333336
2016-05-26 09:00:00,276.6666666666667,157.1372004525352,106.7140121459961,98.23721313476562,97.1185482212626,156.66666666666666,105.409004788333,103.83221758873236,90.0,36.66666666666666
2016-05-26 10:00:00,265.0,157.16856937159312,91.81816864013672,98.84288787841795,97.1185482212626,156.66666666666666,117.03578772634744,111.986332190301,78.33333333333333,55.0
2016-05-26 11:00:00,243.33333333333334,157.19993829065103,94.46537017822266,103.9948501586914,97.1185482212626,156.66666666666666,122.592798153665,115.59815927472056,50.0,51.66666666666666
2016-05-26 12:00:00,221.66666666666666,157.23130720970892,88.02428436279297,96.8175048828125,97.1185482212626,156.66666666666666,115.07197262510992,106.37305467372668,60.0,55.0
2016-05-26 13:00:00,75.0,157.26267612876683,92.12646484375,92.7396240234375,97.1185482212626,156.66666666666666,117.18662059283346,107.50826062127776,71.66666666666667,50.0
2016-05-26 14:00:00,68.33333333333333,157.29404504782474,93.09243774414062,95.26892852783205,97.1185482212626,156.66666666666666,102.99776285459052,94.98729279908936,80.0,63.333333333333336
2016-05-26 15:00:00,61.666666666666664,157.32541396688265,88.93773651123047,92.0423812866211,97.1185482212626,156.66666666666666,100.73727523770904,92.0350417504477,80.0,81.66666666666667
2016-05-26 16:00:00,495.0,157.35678288594053,112.8512725830078,110.39551544189452,97.1185482212626,156.66666666666666,119.05068497183257,107.83807295584916,231.66666666666663,90.0
2016-05-26 17:00:00,440.0,157.38815180499844,162.08963012695312,134.76824951171875,97.1185482212626,156.66666666666666,153.11328688721065,143.15743971923138,118.33333333333331,208.33333333333331
2016-05-26 18:00:00,215.0,157.41952072405635,167.8440399169922,193.07989501953125,97.1185482212626,156.66666666666666,184.1159611014574,175.08101884881822,156.66666666666666,120.0
2016-05-26 19:00:00,223.33333333333334,215.0490045941807,215.82669067382807,186.24220275878903,97.46836088997752,215.0,224.91508396619852,222.92577227825288,118.33333333333331,98.33333333333331
2016-05-26 20:00:00,91.66666666666667,215.0980091883614,196.2959747314453,171.00038146972656,97.46836088997752,215.0,168.74256040602822,166.20770497703663,190.0,118.33333333333331
2016-05-26 21:00:00,76.66666666666667,215.1470137825421,131.65171813964844,92.92247009277344,97.46836088997752,215.0,119.53259796634843,118.41118752787963,56.66666666666666,66.66666666666667
2016-05-26 22:00:00,70.0,215.1960183767228,102.92584991455078,77.6914291381836,97.46836088997752,215.0,84.69685766071294,85.46624587435683,53.333333333333336,50.0
2016-05-26 23:00:00,65.0,215.24502297090356,83.7427749633789,67.16583251953125,97.46836088997752,215.0,67.21129106806734,67.14455549160533,53.333333333333336,56.66666666666666
2016-05-27 00:00:00,60.0,215.29402756508424,61.71442031860352,63.1988410949707,97.46836088997752,215.0,59.32549362280703,57.49379347876139,53.333333333333336,51.66666666666666
2016-05-27 01:00:00,58.333333333333336,215.3430321592649,58.62060546875,60.71957015991211,97.46836088997752,215.0,55.39323170468469,52.35777597868202,55.0,51.66666666666666
2016-05-27 02:00:00,50.0,215.39203675344564,56.51940155029297,60.79969787597656,97.46836088997752,215.0,51.20525043474122,47.182421140744175,50.0,36.66666666666666
2016-05-27 03:00:00,58.333333333333336,215.44104134762637,53.57584381103516,60.36882019042969,97.46836088997752,215.0,49.50256307491286,46.97079096162936,56.66666666666666,58.333333333333336
2016-05-27 04:00:00,58.333333333333336,215.49004594180704,55.34320068359375,60.096309661865234,97.46836088997752,215.0,49.40037827946396,49.168178232997285,50.0,51.66666666666666
2016-05-27 05:00:00,58.333333333333336,215.5390505359877,60.71440505981445,63.24079895019531,97.46836088997752,215.0,52.4531474772524,49.98764683675414,56.66666666666666,61.66666666666666
2016-05-27 06:00:00,63.333333333333336,215.58805513016844,71.04154205322266,67.14442443847656,97.46836088997752,215.0,57.06495811273157,53.6263815762522,61.66666666666666,66.66666666666667
2016-05-27 07:00:00,111.66666666666667,215.6370597243492,102.85153198242188,103.48683166503906,97.46836088997752,215.0,78.50922871217517,74.32657674748646,100.0,80.0
2016-05-27 08:00:00,130.0,215.68606431852987,119.29554748535156,125.46912384033205,97.46836088997752,215.0,107.44744294573252,104.43779702182069,156.66666666666666,126.66666666666669
2016-05-27 09:00:00,251.66666666666666,215.73506891271057,118.2950439453125,137.26385498046875,97.46836088997752,215.0,119.27116027464636,114.81063952008851,276.6666666666667,73.33333333333333
2016-05-27 10:00:00,251.66666666666666,215.78407350689127,136.06065368652344,154.79086303710938,97.46836088997752,215.0,130.6241436330491,123.9534045899765,265.0,81.66666666666667
2016-05-27 11:00:00,310.0,215.833078101072,142.26681518554688,154.05747985839844,97.46836088997752,215.0,136.2700461199745,128.6203176988755,243.33333333333331,73.33333333333333
2016-05-27 12:00:00,185.0,215.88208269525268,143.39305114746094,151.94961547851562,97.46836088997752,215.0,126.8946240185014,116.83384320343664,221.66666666666663,71.66666666666667
2016-05-27 13:00:00,265.0,215.93108728943335,124.30062866210938,141.18736267089844,97.46836088997752,215.0,119.35640809157488,109.67730316067129,75.0,61.66666666666666
2016-05-27 14:00:00,101.66666666666667,215.98009188361408,117.5457992553711,139.9620361328125,97.46836088997752,215.0,104.39514550971158,95.77293367191824,68.33333333333333,60.0
2016-05-27 15:00:00,76.66666666666667,216.0290964777948,112.06130981445312,138.9634552001953,97.46836088997752,215.0,101.72895070291356,93.00477655757416,61.66666666666666,46.66666666666666
2016-05-27 16:00:00,135.0,216.0781010719755,129.5819091796875,167.1853790283203,97.46836088997752,215.0,138.26473851817883,128.2322631265596,495.0,48.333333333333336
2016-05-27 17:00:00,180.0,216.1271056661562,191.3210906982422,146.75146484375,97.46836088997752,215.0,174.79428586088883,166.91472908966747,440.0,75.0
2016-05-27 18:00:00,430.0,216.1761102603369,196.9478912353516,199.15618896484372,97.46836088997752,215.0,189.74018718960448,184.2205490900745,215.0,78.33333333333333
