,feature_model
2016-05-13 19:00:00,196.82977294921875
2016-05-13 20:00:00,184.79119873046875
2016-05-13 21:00:00,164.09268188476562
2016-05-13 22:00:00,65.38744354248047
2016-05-13 23:00:00,53.69762420654297
2016-05-14 00:00:00,67.10237884521484
2016-05-14 01:00:00,67.18622589111328
2016-05-14 02:00:00,67.3360366821289
2016-05-14 03:00:00,68.25467681884766
2016-05-14 04:00:00,70.92546081542969
2016-05-14 05:00:00,79.11973571777344
2016-05-14 06:00:00,104.10887908935547
2016-05-14 07:00:00,145.9754638671875
2016-05-14 08:00:00,150.3092803955078
2016-05-14 09:00:00,146.7882537841797
2016-05-14 10:00:00,133.9338836669922
2016-05-14 11:00:00,132.1200408935547
2016-05-14 12:00:00,149.45285034179688
2016-05-14 13:00:00,136.50254821777344
2016-05-14 14:00:00,139.88816833496094
2016-05-14 15:00:00,127.84379577636719
2016-05-14 16:00:00,145.2890625
2016-05-14 17:00:00,166.36163330078125
2016-05-14 18:00:00,210.91970825195312
2016-05-14 19:00:00,155.1473846435547
2016-05-14 20:00:00,118.81776428222656
2016-05-14 21:00:00,81.28280639648438
2016-05-14 22:00:00,62.35231399536133
2016-05-14 23:00:00,59.45816421508789
2016-05-15 00:00:00,54.437782287597656
2016-05-15 01:00:00,52.744197845458984
2016-05-15 02:00:00,53.615116119384766
2016-05-15 03:00:00,52.22950744628906
2016-05-15 04:00:00,52.33990478515625
2016-05-15 05:00:00,56.429039001464844
2016-05-15 06:00:00,70.35759735107422
2016-05-15 07:00:00,112.57913970947266
2016-05-15 08:00:00,133.18063354492188
2016-05-15 09:00:00,155.45248413085938
2016-05-15 10:00:00,159.39321899414062
2016-05-15 11:00:00,139.3790740966797
2016-05-15 12:00:00,117.16294860839844
2016-05-15 13:00:00,124.5037841796875
2016-05-15 14:00:00,109.86405944824219
2016-05-15 15:00:00,120.40796661376953
2016-05-15 16:00:00,186.97703552246094
2016-05-15 17:00:00,227.67002868652344
2016-05-15 18:00:00,229.59368896484375
2016-05-15 19:00:00,120.66136169433594
2016-05-15 20:00:00,104.91349029541016
2016-05-15 21:00:00,72.04550170898438
2016-05-15 22:00:00,55.92178726196289
2016-05-15 23:00:00,50.99992370605469
2016-05-16 00:00:00,55.214317321777344
2016-05-16 01:00:00,53.12797546386719
2016-05-16 02:00:00,55.59018325805664
2016-05-16 03:00:00,53.789554595947266
2016-05-16 04:00:00,53.64979934692383
2016-05-16 05:00:00,60.14533233642578
2016-05-16 06:00:00,68.01385498046875
2016-05-16 07:00:00,98.56304168701172
2016-05-16 08:00:00,116.70751953125
2016-05-16 09:00:00,142.22128295898438
2016-05-16 10:00:00,170.79774475097656
2016-05-16 11:00:00,148.5196075439453
2016-05-16 12:00:00,132.9637451171875
2016-05-16 13:00:00,144.6837158203125
2016-05-16 14:00:00,115.77960205078125
2016-05-16 15:00:00,111.64595031738281
2016-05-16 16:00:00,118.06657409667969
2016-05-16 17:00:00,178.6763458251953
2016-05-16 18:00:00,147.81582641601562
2016-05-16 19:00:00,120.75920867919922
2016-05-16 20:00:00,121.27621459960938
2016-05-16 21:00:00,97.08749389648438
2016-05-16 22:00:00,80.8950424194336
2016-05-16 23:00:00,74.2416000366211
2016-05-17 00:00:00,59.64364242553711
2016-05-17 01:00:00,55.72101593017578
2016-05-17 02:00:00,52.685176849365234
2016-05-17 03:00:00,52.326416015625
2016-05-17 04:00:00,52.675350189208984
2016-05-17 05:00:00,63.41334915161133
2016-05-17 06:00:00,63.022300720214844
2016-05-17 07:00:00,72.71566009521484
2016-05-17 08:00:00,91.1015396118164
2016-05-17 09:00:00,87.7384033203125
2016-05-17 10:00:00,92.09491729736328
2016-05-17 11:00:00,84.8302001953125
2016-05-17 12:00:00,91.4957275390625
2016-05-17 13:00:00,92.84785461425781
2016-05-17 14:00:00,89.56748962402344
2016-05-17 15:00:00,89.7714614868164
2016-05-17 16:00:00,98.53042602539062
2016-05-17 17:00:00,161.39175415039062
2016-05-17 18:00:00,180.465576171875
2016-05-17 19:00:00,113.22505950927734
2016-05-17 20:00:00,90.64344024658203
2016-05-17 21:00:00,80.48424530029297
2016-05-17 22:00:00,63.47518539428711
2016-05-17 23:00:00,59.123783111572266
2016-05-18 00:00:00,60.031776428222656
2016-05-18 01:00:00,55.803775787353516
2016-05-18 02:00:00,51.51301574707031
2016-05-18 03:00:00,55.66992950439453
2016-05-18 04:00:00,51.607975006103516
2016-05-18 05:00:00,64.0826187133789
2016-05-18 06:00:00,72.06271362304688
2016-05-18 07:00:00,99.11943054199219
2016-05-18 08:00:00,120.88764953613281
2016-05-18 09:00:00,127.1349105834961
2016-05-18 10:00:00,131.54803466796875
2016-05-18 11:00:00,120.91426849365234
2016-05-18 12:00:00,140.83148193359375
2016-05-18 13:00:00,129.61495971679688
2016-05-18 14:00:00,138.08827209472656
2016-05-18 15:00:00,126.1208724975586
2016-05-18 16:00:00,122.544189453125
2016-05-18 17:00:00,186.64015197753906
2016-05-18 18:00:00,180.87222290039062
2016-05-18 19:00:00,168.224365234375
2016-05-18 20:00:00,120.0239486694336
2016-05-18 21:00:00,82.63202667236328
2016-05-18 22:00:00,58.10061264038086
2016-05-18 23:00:00,50.914737701416016
2016-05-19 00:00:00,52.37822723388672
2016-05-19 01:00:00,52.35914611816406
2016-05-19 02:00:00,53.31791305541992
2016-05-19 03:00:00,53.3194465637207
2016-05-19 04:00:00,52.664608001708984
2016-05-19 05:00:00,59.40391540527344
2016-05-19 06:00:00,60.085533142089844
2016-05-19 07:00:00,65.86372375488281
2016-05-19 08:00:00,71.55526733398438
2016-05-19 09:00:00,84.47607421875
2016-05-19 10:00:00,78.6688461303711
2016-05-19 11:00:00,79.93293762207031
2016-05-19 12:00:00,75.52484893798828
2016-05-19 13:00:00,87.925537109375
2016-05-19 14:00:00,87.92708587646484
2016-05-19 15:00:00,93.32539367675781
2016-05-19 16:00:00,101.07086181640625
2016-05-19 17:00:00,150.70034790039062
2016-05-19 18:00:00,197.55697631835938
2016-05-19 19:00:00,143.70700073242188
2016-05-19 20:00:00,116.09373474121094
2016-05-19 21:00:00,80.06503295898438
2016-05-19 22:00:00,60.25074768066406
2016-05-19 23:00:00,52.50889205932617
2016-05-20 00:00:00,51.47574996948242
2016-05-20 01:00:00,50.81040954589844
2016-05-20 02:00:00,52.8440055847168
2016-05-20 03:00:00,54.583683013916016
2016-05-20 04:00:00,53.262081146240234
2016-05-20 05:00:00,68.84635925292969
2016-05-20 06:00:00,110.0586929321289
2016-05-20 07:00:00,160.6430206298828
2016-05-20 08:00:00,217.80601501464844
2016-05-20 09:00:00,195.01222229003906
2016-05-20 10:00:00,169.90586853027344
2016-05-20 11:00:00,275.1032409667969
2016-05-20 12:00:00,219.29525756835938
2016-05-20 13:00:00,191.47055053710938
2016-05-20 14:00:00,212.1479034423828
2016-05-20 15:00:00,171.61639404296875
2016-05-20 16:00:00,200.23609924316406
2016-05-20 17:00:00,213.6800994873047
2016-05-20 18:00:00,226.3128204345703
2016-05-20 19:00:00,127.61331939697266
2016-05-20 20:00:00,115.85282897949219
2016-05-20 21:00:00,87.29398345947266
2016-05-20 22:00:00,64.51818084716797
2016-05-20 23:00:00,58.7828483581543
2016-05-21 00:00:00,56.706180572509766
2016-05-21 01:00:00,60.95165252685547
2016-05-21 02:00:00,59.047176361083984
2016-05-21 03:00:00,59.49906921386719
2016-05-21 04:00:00,61.90440368652344
2016-05-21 05:00:00,66.15167999267578
2016-05-21 06:00:00,82.01608276367188
2016-05-21 07:00:00,107.22124481201172
2016-05-21 08:00:00,127.92190551757812
2016-05-21 09:00:00,137.80628967285156
2016-05-21 10:00:00,149.67886352539062
2016-05-21 11:00:00,157.3070526123047
2016-05-21 12:00:00,155.2797088623047
2016-05-21 13:00:00,137.39508056640625
2016-05-21 14:00:00,115.38174438476562
2016-05-21 15:00:00,130.62255859375
2016-05-21 16:00:00,117.0614242553711
2016-05-21 17:00:00,147.53289794921875
2016-05-21 18:00:00,142.92144775390625
2016-05-21 19:00:00,130.95492553710938
2016-05-21 20:00:00,113.45108795166016
2016-05-21 21:00:00,80.11078643798828
2016-05-21 22:00:00,70.43060302734375
2016-05-21 23:00:00,70.33883666992188
2016-05-22 00:00:00,70.55103302001953
2016-05-22 01:00:00,73.45848083496094
2016-05-22 02:00:00,71.65876770019531
2016-05-22 03:00:00,77.39662170410156
2016-05-22 04:00:00,80.76188659667969
2016-05-22 05:00:00,88.51334381103516
2016-05-22 06:00:00,95.25994873046875
2016-05-22 07:00:00,112.59297943115234
2016-05-22 08:00:00,142.12289428710938
2016-05-22 09:00:00,168.2609405517578
2016-05-22 10:00:00,191.21974182128906
2016-05-22 11:00:00,208.41175842285156
2016-05-22 12:00:00,207.5277557373047
2016-05-22 13:00:00,188.7742462158203
2016-05-22 14:00:00,175.37246704101562
2016-05-22 15:00:00,177.06350708007812
2016-05-22 16:00:00,164.67906188964844
2016-05-22 17:00:00,166.063232421875
2016-05-22 18:00:00,166.7549591064453
2016-05-22 19:00:00,154.39144897460938
2016-05-22 20:00:00,162.0443572998047
2016-05-22 21:00:00,136.24314880371094
2016-05-22 22:00:00,101.03488159179688
2016-05-22 23:00:00,114.6978988647461
2016-05-23 00:00:00,69.69898223876953
2016-05-23 01:00:00,78.58533477783203
2016-05-23 02:00:00,69.5389404296875
2016-05-23 03:00:00,66.92500305175781
2016-05-23 04:00:00,68.57640075683594
2016-05-23 05:00:00,78.59945678710938
2016-05-23 06:00:00,87.54151916503906
2016-05-23 07:00:00,98.70033264160156
2016-05-23 08:00:00,105.71305847167969
2016-05-23 09:00:00,115.15225982666016
2016-05-23 10:00:00,129.12522888183594
2016-05-23 11:00:00,150.76756286621094
2016-05-23 12:00:00,142.2132568359375
2016-05-23 13:00:00,164.96006774902344
2016-05-23 14:00:00,132.22647094726562
2016-05-23 15:00:00,132.44248962402344
2016-05-23 16:00:00,142.89231872558594
2016-05-23 17:00:00,230.1622772216797
2016-05-23 18:00:00,182.19566345214844
2016-05-23 19:00:00,131.52899169921875
2016-05-23 20:00:00,120.33338165283203
2016-05-23 21:00:00,93.31146240234375
2016-05-23 22:00:00,70.43376922607422
2016-05-23 23:00:00,71.54074096679688
2016-05-24 00:00:00,59.81605911254883
2016-05-24 01:00:00,56.40349578857422
2016-05-24 02:00:00,54.00385284423828
2016-05-24 03:00:00,54.68265151977539
2016-05-24 04:00:00,57.86181640625
2016-05-24 05:00:00,62.9827766418457
2016-05-24 06:00:00,73.7650146484375
2016-05-24 07:00:00,116.7923583984375
2016-05-24 08:00:00,105.46876525878906
2016-05-24 09:00:00,114.88504791259766
2016-05-24 10:00:00,102.80707550048828
2016-05-24 11:00:00,112.92616271972656
2016-05-24 12:00:00,98.47309112548828
2016-05-24 13:00:00,89.88123321533203
2016-05-24 14:00:00,82.6212387084961
2016-05-24 15:00:00,110.75076293945312
2016-05-24 16:00:00,154.03640747070312
2016-05-24 17:00:00,232.4500732421875
2016-05-24 18:00:00,207.87953186035156
2016-05-24 19:00:00,122.15841674804688
2016-05-24 20:00:00,111.85533142089844
2016-05-24 21:00:00,80.91109466552734
2016-05-24 22:00:00,68.21025848388672
2016-05-24 23:00:00,65.75323486328125
2016-05-25 00:00:00,60.65855026245117
2016-05-25 01:00:00,55.128517150878906
2016-05-25 02:00:00,58.48817443847656
2016-05-25 03:00:00,57.18825149536133
2016-05-25 04:00:00,55.57683563232422
2016-05-25 05:00:00,85.49526977539062
2016-05-25 06:00:00,76.68102264404297
2016-05-25 07:00:00,112.08586883544922
2016-05-25 08:00:00,109.712158203125
2016-05-25 09:00:00,159.36587524414062
2016-05-25 10:00:00,108.27051544189453
2016-05-25 11:00:00,130.5972442626953
2016-05-25 12:00:00,125.78469848632812
2016-05-25 13:00:00,111.64470672607422
2016-05-25 14:00:00,110.59192657470703
2016-05-25 15:00:00,105.76715087890625
2016-05-25 16:00:00,112.5369644165039
2016-05-25 17:00:00,168.0619659423828
2016-05-25 18:00:00,127.7770767211914
2016-05-25 19:00:00,114.52554321289062
2016-05-25 20:00:00,108.04521942138672
2016-05-25 21:00:00,72.1652603149414
2016-05-25 22:00:00,57.53437042236328
2016-05-25 23:00:00,49.870479583740234
2016-05-26 00:00:00,51.264373779296875
2016-05-26 01:00:00,51.03366470336914
2016-05-26 02:00:00,52.22478103637695
2016-05-26 03:00:00,52.06517028808594
2016-05-26 04:00:00,54.362632751464844
2016-05-26 05:00:00,61.41376876831055
2016-05-26 06:00:00,78.8915023803711
2016-05-26 07:00:00,98.26986694335938
2016-05-26 08:00:00,91.63873291015625
2016-05-26 09:00:00,106.7140121459961
2016-05-26 10:00:00,91.81816864013672
2016-05-26 11:00:00,94.46537017822266
2016-05-26 12:00:00,88.02428436279297
2016-05-26 13:00:00,92.12646484375
2016-05-26 14:00:00,93.09243774414062
2016-05-26 15:00:00,88.93773651123047
2016-05-26 16:00:00,112.85127258300781
2016-05-26 17:00:00,162.08963012695312
2016-05-26 18:00:00,167.8440399169922
2016-05-26 19:00:00,215.82669067382812
2016-05-26 20:00:00,196.2959747314453
2016-05-26 21:00:00,131.65171813964844
2016-05-26 22:00:00,102.92584991455078
2016-05-26 23:00:00,83.7427749633789
2016-05-27 00:00:00,61.714420318603516
2016-05-27 01:00:00,58.62060546875
2016-05-27 02:00:00,56.51940155029297
2016-05-27 03:00:00,53.575843811035156
2016-05-27 04:00:00,55.34320068359375
2016-05-27 05:00:00,60.71440505981445
2016-05-27 06:00:00,71.04154205322266
2016-05-27 07:00:00,102.85153198242188
2016-05-27 08:00:00,119.29554748535156
2016-05-27 09:00:00,118.2950439453125
2016-05-27 10:00:00,136.06065368652344
2016-05-27 11:00:00,142.26681518554688
2016-05-27 12:00:00,143.39305114746094
2016-05-27 13:00:00,124.30062866210938
2016-05-27 14:00:00,117.5457992553711
2016-05-27 15:00:00,112.06130981445312
2016-05-27 16:00:00,129.5819091796875
2016-05-27 17:00:00,191.3210906982422
2016-05-27 18:00:00,196.94789123535156
